1000,8
1001,11
1002,16
1003,12
1004,13
1005,21
1006,21
1007,15
1008,20
1009,15
1010,14
1011,13
1012,18
1013,17
1014,18
1015,15
1016,9
1017,21
1018,16
1019,29
1020,17
1021,17
1022,20
1023,14
1024,8
1025,9
1026,12
1027,14
1028,18
1029,18
1030,13
1031,10
1032,19
1033,18
1034,13
1035,15
1036,14
1037,13
1038,19
1039,11
1040,14
1041,11
1042,13
1043,11
1044,21
1045,14
1046,17
1047,8
1048,11
1049,19
1050,22
1051,14
1052,18
1053,24
1054,18
1055,15
1056,15
1057,18
1058,21
1059,13
1060,21
1061,22
1062,17
1063,7
1064,22
1065,13
1066,20
1067,15
1068,21
1069,17
1070,15
1071,11
1072,13
1073,13
1074,13
1075,14
1076,19
1077,17
1078,15
1079,13
1080,13
1081,16
1082,17
1083,12
1084,13
1085,10
1086,15
1087,17
1088,15
1089,8
1090,15
1091,16
1092,14
1093,12
1094,7
1095,20
1096,18
1097,18
1098,14
1099,20
1100,8
1101,11
1102,18
1103,13
1104,10
1105,15
1106,15
1107,15
1108,13
1109,14
1110,18
1111,20
1112,15
1113,14
1114,15
1115,16
1116,12
1117,9
1118,17
1119,9
1120,15
1121,12
1122,15
1123,11
1124,14
1125,16
1126,17
1127,16
1128,12
1129,10
1130,13
1131,14
1132,13
1133,24
1134,17
1135,19
1136,10
1137,17
1138,17
1139,9
1140,15
1141,16
1142,17
1143,13
1144,14
1145,8
1146,15
1147,18
1148,17
1149,16
1150,9
1151,7
1152,15
1153,12
1154,16
1155,17
1156,14
1157,17
1158,17
1159,13
1160,12
1161,9
1162,15
1163,16
1164,17
1165,16
1166,10
1167,13
1168,18
1169,10
1170,11
1171,15
1172,15
1173,18
1174,12
1175,20
1176,13
1177,17
1178,9
1179,15
1180,11
1181,12
1182,11
1183,18
1184,14
1185,17
1186,13
1187,17
1188,19
1189,16
1190,12
1191,7
1192,6
1193,9
1194,15
1195,12
1196,11
1197,10
1198,10
1199,5
1200,13
1201,14
1202,14
1203,10
1204,7
1205,20
1206,16
1207,10
1208,6
1209,5
1210,12
1211,14
1212,14
1213,21
1214,21
1215,15
1216,14
1217,13
1218,23
1219,8
1220,11
1221,12
1222,15
1223,21
1224,23
1225,11
1226,19
1227,16
1228,5
1229,12
1230,11
1231,14
1232,14
1233,10
1234,9
1235,11
1236,15
1237,10
1238,9
1239,19
1240,13
1241,13
1242,14
1243,13
1244,12
1245,11
1246,14
1247,13
1248,11
1249,15
1250,8
1251,6
1252,14
1253,5
1254,14
1255,10
1256,10
1257,14
1258,15
1259,7
1260,15
1261,16
1262,12
1263,12
1264,15
1265,11
1266,15
1267,12
1268,12
1269,11
1270,12
1271,8
1272,12
1273,16
1274,11
1275,12
1276,12
1277,9
1278,13
1279,16
1280,17
1281,15
1282,12
1283,15
1284,4
1285,17
1286,13
1287,13
1288,13
1289,13
1290,17
1291,11
1292,18
1293,15
1294,14
1295,6
1296,10
1297,21
1298,11
1299,13
1300,5
1301,13
1302,10
1303,16
1304,11
1305,12
1306,8
1307,14
1308,13
1309,14
1310,13
1311,8
1312,9
1313,7
1314,11
1315,20
1316,10
1317,11
1318,10
1319,10
1320,14
1321,15
1322,8
1323,9
1324,13
1325,15
1326,8
1327,9
1328,4
1329,8
1330,12
1331,9
1332,19
1333,18
1334,19
1335,14
1336,13
1337,11
1338,8
1339,12
1340,7
1341,12
1342,9
1343,17
1344,19
1345,11
1346,11
1347,12
1348,8
1349,14
1350,13
1351,13
1352,14
1353,11
1354,12
1355,7
1356,12
1357,9
1358,16
1359,6
1360,7
1361,5
1362,10
1363,13
1364,8
1365,12
1366,8
1367,10
1368,9
1369,9
1370,9
1371,14
1372,12
1373,6
1374,15
1375,14
1376,6
1377,13
1378,14
1379,12
1380,4
1381,7
1382,8
1383,10
1384,7
1385,12
1386,17
1387,11
1388,9
1389,7
1390,14
1391,11
1392,9
1393,16
1394,9
1395,7
1396,17
1397,8
1398,13
1399,11
1400,14
1401,12
1402,12
1403,6
1404,13
1405,11
1406,11
1407,9
1408,10
1409,18
1410,10
1411,10
1412,9
1413,7
1414,15
1415,9
1416,8
1417,11
1418,13
1419,11
1420,13
1421,9
1422,8
1423,8
1424,10
1425,6
1426,12
1427,11
1428,15
1429,13
1430,14
1431,11
1432,7
1433,10
1434,10
1435,10
1436,6
1437,9
1438,14
1439,8
1440,3
1441,17
1442,8
1443,11
1444,8
1445,14
1446,9
1447,11
1448,6
1449,9
1450,10
1451,14
1452,12
1453,11
1454,13
1455,10
1456,13
1457,4
1458,8
1459,9
1460,12
1461,7
1462,11
1463,6
1464,6
1465,7
1466,9
1467,11
1468,8
1469,13
1470,10
1471,10
1472,11
1473,4
1474,10
1475,8
1476,5
1477,11
1478,8
1479,9
1480,7
1481,8
1482,6
1483,13
1484,12
1485,11
1486,8
1487,7
1488,14
1489,8
1490,11
1491,8
1492,13
1493,10
1494,10
1495,18
1496,11
1497,9
1498,9
1499,11
1500,11
1501,6
1502,8
1503,7
1504,7
1505,6
1506,13
1507,11
1508,7
1509,13
1510,17
1511,7
1512,10
1513,7
1514,6
1515,12
1516,7
1517,15
1518,12
1519,6
1520,10
1521,11
1522,8
1523,13
1524,6
1525,9
1526,4
1527,9
1528,6
1529,8
1530,8
1531,10
1532,8
1533,10
1534,9
1535,4
1536,10
1537,11
1538,10
1539,9
1540,4
1541,8
1542,10
1543,12
1544,11
1545,17
1546,10
1547,2
1548,8
1549,2
1550,6
1551,10
1552,10
1553,8
1554,12
1555,7
1556,6
1557,7
1558,11
1559,14
1560,8
1561,14
1562,5
1563,11
1564,7
1565,6
1566,5
1567,5
1568,6
1569,8
1570,6
1571,6
1572,4
1573,5
1574,6
1575,6
1576,3
1577,7
1578,12
1579,10
1580,6
1581,8
1582,11
1583,4
1584,11
1585,9
1586,6
1587,12
1588,8
1589,12
1590,14
1591,8
1592,8
1593,9
1594,4
1595,8
1596,5
1597,8
1598,6
1599,14
1600,12
1601,10
1602,10
1603,8
1604,13
1605,13
1606,7
1607,5
1608,13
1609,8
1610,14
1611,8
1612,7
1613,12
1614,11
1615,6
1616,6
1617,10
1618,4
1619,7
1620,6
1621,9
1622,12
1623,14
1624,9
1625,10
1626,10
1627,14
1628,8
1629,6
1630,8
1631,10
1632,11
1633,9
1634,7
1635,8
1636,10
1637,11
1638,7
1639,6
1640,12
1641,5
1642,6
1643,7
1644,9
1645,5
1646,11
1647,5
1648,8
1649,7
1650,9
1651,3
1652,10
1653,10
1654,12
1655,4
1656,6
1657,3
1658,9
1659,10
1660,7
1661,7
1662,9
1663,16
1664,3
1665,11
1666,12
1667,8
1668,9
1669,6
1670,10
1671,5
1672,8
1673,11
1674,11
1675,11
1676,9
1677,3
1678,9
1679,6
1680,8
1681,4
1682,10
1683,11
1684,8
1685,6
1686,10
1687,8
1688,8
1689,10
1690,14
1691,10
1692,6
1693,6
1694,8
1695,11
1696,13
1697,7
1698,10
1699,13
1700,14
1701,14
1702,16
1703,18
1704,17
1705,24
1706,25
1707,33
1708,30
1709,25
1710,39
1711,39
1712,39
1713,42
1714,46
1715,54
1716,44
1717,63
1718,53
1719,49
1720,46
1721,56
1722,37
1723,46
1724,35
1725,36
1726,25
1727,30
1728,31
1729,34
1730,28
1731,31
1732,25
1733,28
1734,18
1735,20
1736,20
1737,12
1738,18
1739,9
1740,13
1741,9
1742,12
1743,10
1744,9
1745,11
1746,9
1747,6
1748,8
1749,11
1750,15
1751,10
1752,13
1753,4
1754,9
1755,9
1756,6
1757,2
1758,8
1759,6
1760,7
1761,6
1762,5
1763,11
1764,7
1765,3
1766,10
1767,12
1768,6
1769,7
1770,7
1771,7
1772,4
1773,3
1774,9
1775,2
1776,9
1777,15
1778,7
1779,7
1780,7
1781,5
1782,10
1783,9
1784,6
1785,8
1786,11
1787,5
1788,11
1789,12
1790,9
1791,11
1792,13
1793,6
1794,9
1795,9
1796,4
1797,10
1798,8
1799,12
1800,17
1801,14
1802,13
1803,23
1804,14
1805,21
1806,30
1807,38
1808,39
1809,42
1810,50
1811,43
1812,54
1813,52
1814,65
1815,56
1816,67
1817,59
1818,88
1819,67
1820,90
1821,63
1822,68
1823,76
1824,65
1825,66
1826,48
1827,49
1828,59
1829,51
1830,48
1831,41
1832,36
1833,23
1834,23
1835,26
1836,25
1837,17
1838,23
1839,17
1840,17
1841,12
1842,14
1843,5
1844,4
1845,15
1846,9
1847,6
1848,13
1849,12
1850,4
1851,9
1852,11
1853,13
1854,16
1855,13
1856,11
1857,19
1858,13
1859,18
1860,17
1861,18
1862,30
1863,33
1864,27
1865,32
1866,32
1867,47
1868,50
1869,42
1870,45
1871,50
1872,33
1873,58
1874,57
1875,63
1876,54
1877,56
1878,50
1879,50
1880,48
1881,53
1882,54
1883,43
1884,39
1885,36
1886,35
1887,32
1888,21
1889,21
1890,28
1891,7
1892,11
1893,15
1894,11
1895,19
1896,13
1897,6
1898,13
1899,9
1900,9
1901,6
1902,5
1903,5
1904,12
1905,5
1906,7
1907,3
1908,6
1909,10
1910,4
1911,9
1912,3
1913,3
1914,3
1915,8
1916,7
1917,6
1918,6
1919,8
1920,7
1921,6
1922,9
1923,4
1924,6
1925,6
1926,6
1927,5
1928,6
1929,5
1930,4
1931,6
1932,11
1933,2
1934,8
1935,6
1936,9
1937,4
1938,5
1939,6
1940,4
1941,5
1942,16
1943,5
1944,8
1945,7
1946,6
1947,12
1948,5
1949,12
1950,5
1951,9
1952,8
1953,7
1954,10
1955,5
1956,5
1957,8
1958,10
1959,6
1960,9
1961,8
1962,2
1963,3
1964,9
1965,8
1966,1
1967,2
1968,9
1969,4
1970,6
1971,4
1972,8
1973,5
1974,6
1975,9
1976,2
1977,8
1978,4
1979,8
1980,4
1981,12
1982,9
1983,5
1984,3
1985,2
1986,7
1987,9
1988,9
1989,9
1990,6
1991,3
1992,7
1993,6
1994,6
1995,8
1996,6
1997,6
1998,4
1999,3
2000,5
2001,5
2002,7
2003,5
2004,5
2005,4
2006,5
2007,7
2008,10
2009,6
2010,10
2011,6
2012,7
2013,16
2014,13
2015,16
2016,17
2017,27
2018,22
2019,26
2020,34
2021,33
2022,38
2023,36
2024,46
2025,50
2026,61
2027,58
2028,61
2029,75
2030,71
2031,85
2032,94
2033,88
2034,117
2035,82
2036,80
2037,85
2038,92
2039,100
2040,77
2041,77
2042,77
2043,59
2044,63
2045,74
2046,52
2047,54
2048,48
2049,54
2050,39
2051,43
2052,23
2053,25
2054,26
2055,23
2056,22
2057,20
2058,12
2059,16
2060,11
2061,11
2062,15
2063,11
2064,3
2065,6
2066,4
2067,6
2068,8
2069,6
2070,6
2071,2
2072,4
2073,6
2074,10
2075,7
2076,9
2077,10
2078,5
2079,5
2080,2
2081,4
2082,6
2083,3
2084,5
2085,6
2086,10
2087,8
2088,9
2089,15
2090,11
2091,15
2092,17
2093,21
2094,24
2095,28
2096,30
2097,31
2098,40
2099,38
2100,33
2101,31
2102,41
2103,58
2104,50
2105,50
2106,59
2107,65
2108,60
2109,79
2110,47
2111,58
2112,83
2113,71
2114,62
2115,44
2116,56
2117,54
2118,44
2119,52
2120,40
2121,44
2122,28
2123,28
2124,26
2125,29
2126,17
2127,18
2128,21
2129,23
2130,16
2131,7
2132,12
2133,8
2134,5
2135,9
2136,6
2137,4
2138,5
2139,6
2140,8
2141,7
2142,3
2143,4
2144,5
2145,5
2147,1
2148,3
2149,4
2150,4
2151,4
2152,4
2153,2
2154,3
2155,6
2156,7
2157,4
2158,5
2159,5
2160,4
2161,2
2162,6
2163,4
2164,6
2165,5
2166,4
2167,4
2168,5
2169,6
2170,2
2171,2
2172,6
2173,3
2174,4
2175,7
2176,2
2177,5
2178,3
2179,4
2180,7
2181,5
2182,4
2183,4
2184,3
2185,3
2186,7
2187,2
2188,3
2189,3
2190,5
2191,4
2192,7
2193,4
2194,8
2195,8
2196,4
2197,7
2198,2
2199,8
2200,2
2201,5
2202,2
2203,6
2204,7
2205,5
2206,6
2207,2
2208,1
2209,3
2210,4
2211,6
2212,4
2213,6
2214,6
2215,4
2216,3
2217,7
2218,6
2219,4
2220,2
2221,4
2222,7
2223,4
2224,3
2225,3
2226,5
2227,3
2228,2
2229,3
2230,7
2231,7
2232,3
2233,3
2234,2
2235,2
2236,6
2237,6
2238,6
2239,3
2240,2
2241,4
2242,7
2243,4
2244,9
2245,9
2246,3
2247,2
2248,3
2249,4
2250,3
2251,2
2252,5
2253,6
2254,2
2255,3
2256,6
2257,2
2258,7
2259,4
2260,6
2261,5
2262,2
2263,4
2264,3
2265,5
2266,4
2267,9
2268,2
2269,3
2270,3
2271,8
2272,2
2273,2
2274,2
2275,2
2276,9
2277,1
2278,6
2279,9
2280,3
2281,3
2282,3
2283,2
2284,12
2285,5
2286,8
2287,11
2288,17
2289,9
2290,11
2291,14
2292,27
2293,19
2294,25
2295,27
2296,44
2297,30
2298,46
2299,42
2300,45
2301,57
2302,64
2303,72
2304,85
2305,68
2306,75
2307,70
2308,79
2309,89
2310,69
2311,92
2312,60
2313,68
2314,77
2315,57
2316,57
2317,48
2318,60
2319,57
2320,31
2321,36
2322,40
2323,34
2324,24
2325,20
2326,14
2327,12
2328,12
2329,9
2330,11
2331,8
2332,8
2333,7
2334,6
2335,7
2336,8
2337,4
2338,4
2339,3
2340,4
2341,2
2342,6
2343,3
2344,5
2345,1
2346,4
2347,8
2348,1
2349,3
2350,2
2351,6
2352,1
2353,4
2354,2
2355,2
2356,5
2357,5
2358,5
2359,4
2360,6
2361,2
2362,6
2363,7
2364,2
2365,2
2366,3
2367,4
2368,6
2369,5
2370,5
2371,6
2372,2
2373,4
2374,6
2375,2
2376,5
2377,3
2378,1
2379,4
2380,3
2381,1
2382,7
2383,2
2384,5
2385,3
2386,3
2387,5
2388,3
2389,2
2390,4
2391,6
2392,2
2393,4
2394,5
2395,5
2396,4
2397,5
2398,2
2399,2
2401,2
2402,4
2403,1
2404,7
2405,3
2406,5
2407,5
2408,4
2409,4
2411,3
2412,4
2413,4
2414,4
2415,2
2416,4
2417,2
2418,4
2419,6
2420,4
2421,3
2422,3
2423,5
2424,4
2425,3
2426,4
2427,6
2428,1
2429,4
2430,7
2431,4
2432,5
2433,3
2434,1
2435,4
2436,2
2437,3
2438,5
2439,3
2440,3
2442,2
2443,3
2444,3
2445,4
2446,5
2447,4
2448,4
2449,6
2450,3
2451,5
2452,4
2453,1
2454,4
2455,3
2456,2
2457,4
2458,3
2459,2
2460,3
2461,3
2462,3
2463,4
2465,6
2466,9
2467,7
2468,8
2469,4
2470,2
2471,1
2472,2
2473,7
2474,3
2475,1
2476,3
2477,3
2478,1
2479,5
2480,2
2481,4
2482,4
2483,8
2484,1
2485,4
2486,4
2487,6
2488,6
2489,5
2490,8
2491,3
2492,4
2494,3
2495,5
2496,3
2497,3
2498,3
2499,3
2500,5
2501,2
2502,4
2503,3
2504,2
2505,4
2506,2
2507,6
2508,5
2509,6
2510,6
2511,1
2512,4
2513,3
2514,10
2515,8
2516,8
2517,10
2518,15
2519,14
2520,18
2521,16
2522,27
2523,26
2524,41
2525,32
2526,44
2527,40
2528,55
2529,57
2530,65
2531,75
2532,66
2533,72
2534,74
2535,97
2536,114
2537,97
2538,103
2539,86
2540,110
2541,98
2542,97
2543,105
2544,98
2545,98
2546,76
2547,92
2548,70
2549,72
2550,64
2551,58
2552,60
2553,35
2554,40
2555,36
2556,29
2557,26
2558,34
2559,18
2560,13
2561,15
2562,12
2563,15
2564,9
2565,2
2566,4
2567,7
2568,3
2569,6
2570,5
2571,2
2572,2
2573,6
2574,2
2575,5
2577,2
2578,2
2579,3
2580,5
2581,5
2582,1
2583,7
2584,2
2585,2
2586,1
2587,2
2588,3
2589,3
2590,6
2591,2
2593,4
2594,2
2595,2
2596,1
2597,5
2599,4
2600,2
2601,1
2602,2
2603,8
2604,2
2605,3
2607,5
2608,1
2609,3
2610,4
2611,3
2612,2
2613,2
2614,2
2615,2
2616,2
2617,3
2618,2
2619,3
2620,2
2621,5
2623,1
2624,2
2625,1
2626,2
2627,5
2628,4
2629,3
2630,1
2631,4
2632,3
2633,2
2634,3
2635,2
2636,2
2637,3
2638,4
2639,5
2640,5
2641,3
2642,3
2643,3
2644,2
2645,2
2646,2
2647,4
2648,4
2649,3
2650,6
2652,4
2653,2
2654,1
2655,1
2656,3
2657,5
2658,1
2659,2
2660,4
2661,4
2662,2
2663,1
2664,2
2665,2
2666,7
2667,1
2668,4
2669,3
2670,3
2672,2
2673,1
2674,2
2675,1
2676,4
2677,5
2678,8
2679,3
2680,3
2681,2
2682,2
2683,3
2684,1
2685,4
2686,3
2687,2
2688,4
2689,2
2690,3
2691,1
2692,5
2693,2
2694,5
2695,2
2696,3
2697,4
2698,4
2699,6
2700,5
2701,5
2702,2
2703,2
2704,1
2705,1
2706,1
2707,1
2709,3
2710,3
2711,2
2712,3
2713,3
2714,1
2715,2
2716,4
2717,2
2718,1
2719,2
2721,3
2722,2
2723,2
2724,1
2725,4
2726,4
2727,2
2728,4
2729,3
2731,3
2732,1
2733,5
2734,3
2735,3
2736,3
2737,1
2738,6
2739,3
2740,2
2741,2
2742,3
2743,4
2744,5
2745,4
2746,1
2747,2
2748,1
2749,3
2750,2
2751,1
2752,4
2753,1
2754,4
2755,5
2756,2
2757,1
2759,2
2760,2
2761,1
2762,4
2763,3
2764,3
2765,1
2766,1
2767,1
2768,1
2769,2
2770,1
2771,3
2772,1
2773,1
2774,1
2775,2
2776,5
2777,2
2778,5
2780,2
2781,2
2783,3
2784,3
2785,1
2787,2
2788,6
2789,4
2790,5
2791,3
2792,2
2793,4
2794,4
2795,1
2796,2
2797,1
2798,5
2800,1
2801,3
2802,1
2803,2
2805,6
2806,1
2807,4
2808,1
2809,5
2811,3
2812,4
2815,3
2816,1
2818,2
2819,2
2820,2
2821,2
2822,1
2823,4
2824,2
2825,3
2826,3
2827,2
2828,1
2829,2
2830,1
2831,2
2832,1
2833,1
2834,1
2836,2
2837,6
2838,3
2839,1
2840,4
2842,1
2843,2
2844,4
2845,2
2846,1
2847,2
2848,1
2849,5
2850,3
2851,3
2853,3
2854,1
2855,2
2856,2
2857,2
2858,1
2859,1
2860,1
2861,1
2862,3
2863,1
2864,2
2865,5
2866,2
2867,2
2868,3
2869,4
2870,4
2872,1
2873,1
2874,3
2875,4
2876,4
2877,6
2878,2
2879,2
2880,1
2881,2
2882,5
2883,1
2884,1
2885,2
2886,1
2887,1
2888,3
2889,1
2890,1
2891,5
2892,2
2893,3
2894,2
2895,3
2896,3
2897,1
2898,2
2899,3
2900,2
2901,4
2902,3
2903,4
2904,3
2905,3
2906,1
2907,5
2908,2
2909,3
2910,2
2912,1
2913,2
2914,1
2915,1
2916,1
2917,3
2918,3
2921,4
2924,4
2925,3
2927,2
2928,4
2929,1
2930,2
2931,1
2932,1
2933,1
2935,3
2936,2
2937,1
2938,1
2939,1
2940,2
2941,3
2942,2
2943,2
2944,1
2947,2
2950,4
2951,1
2952,1
2954,2
2956,1
2957,1
2958,1
2959,2
2960,4
2961,6
2962,3
2963,1
2964,2
2965,2
2967,2
2969,2
2970,2
2971,1
2972,1
2973,2
2974,3
2975,2
2976,4
2977,4
2979,2
2981,4
2982,2
2983,1
2984,3
2985,3
2986,1
2987,1
2988,1
2990,2
2991,2
2992,4
2993,3
2994,2
2995,2
2996,1
2997,2
2998,2
2999,1
3000,3
3001,3
3002,1
3003,1
3005,1
3006,2
3007,1
3008,3
3009,2
3010,2
3011,5
3012,2
3013,1
3014,2
3015,2
3016,1
3017,2
3018,2
3019,2
3021,1
3023,3
3025,1
3026,1
3027,4
3029,2
3030,1
3031,3
3032,1
3033,1
3034,1
3035,5
3036,2
3037,1
3038,3
3039,3
3040,1
3042,1
3043,3
3044,2
3046,1
3047,4
3048,2
3049,2
3053,4
3054,2
3055,4
3057,4
3058,2
3059,2
3060,1
3061,1
3062,3
3063,1
3064,4
3065,2
3066,2
3067,1
3069,1
3070,3
3071,1
3072,1
3073,1
3074,2
3076,1
3077,2
3078,2
3079,6
3080,1
3082,1
3083,1
3085,2
3086,4
3087,5
3089,1
3090,2
3091,2
3092,1
3093,2
3094,2
3096,3
3097,3
3098,3
3099,4
3101,1
3102,3
3103,1
3104,3
3105,1
3110,1
3111,1
3112,2
3113,2
3114,3
3115,2
3116,2
3117,3
3118,4
3119,2
3120,4
3122,2
3124,2
3127,1
3128,2
3129,1
3130,3
3131,1
3132,3
3133,1
3134,2
3135,1
3136,1
3137,2
3139,5
3140,1
3141,2
3143,3
3144,1
3145,1
3147,1
3148,2
3149,3
3150,3
3151,2
3152,2
3154,1
3158,1
3159,1
3160,1
3161,2
3162,3
3163,1
3164,1
3167,2
3169,2
3170,4
3171,2
3172,1
3173,1
3174,3
3175,2
3176,3
3177,1
3180,1
3181,1
3182,1
3183,2
3184,2
3185,3
3187,1
3190,1
3191,1
3192,6
3193,1
3194,1
3195,2
3196,2
3197,1
3199,2
3200,4
3201,1
3202,2
3203,2
3205,3
3206,1
3207,3
3208,4
3209,4
3210,2
3211,3
3212,1
3216,1
3217,2
3218,1
3220,2
3221,3
3222,1
3223,1
3224,2
3226,2
3227,1
3228,2
3230,4
3231,1
3233,1
3234,3
3235,4
3236,1
3237,3
3238,1
3239,3
3240,3
3241,1
3242,2
3243,2
3244,3
3245,2
3246,2
3248,3
3249,2
3251,1
3253,4
3254,3
3255,3
3256,3
3257,2
3258,1
3259,2
3260,3
3261,2
3262,1
3263,2
3264,3
3265,2
3266,3
3267,1
3268,5
3269,1
3270,1
3272,1
3275,1
3276,3
3277,2
3278,1
3279,2
3280,1
3281,2
3282,1
3283,1
3284,2
3285,2
3286,4
3287,1
3289,3
3290,3
3292,1
3293,1
3295,1
3296,2
3297,2
3299,1
3300,1
3301,2
3302,2
3303,1
3304,1
3306,1
3308,1
3310,2
3312,2
3316,1
3317,1
3318,2
3319,2
3323,3
3324,2
3326,1
3327,2
3328,4
3331,2
3332,3
3333,2
3335,3
3336,1
3337,1
3339,3
3342,1
3344,1
3345,3
3346,1
3347,1
3348,2
3349,2
3350,1
3351,1
3352,2
3354,3
3356,2
3357,3
3358,1
3359,1
3360,2
3361,2
3362,1
3363,2
3364,4
3365,2
3367,1
3369,2
3370,1
3371,1
3372,2
3373,2
3374,1
3375,1
3378,1
3379,2
3382,1
3383,1
3384,1
3385,1
3386,3
3387,2
3388,2
3390,1
3391,1
3392,1
3394,2
3395,1
3398,1
3399,2
3401,2
3403,1
3404,3
3405,1
3411,1
3413,1
3414,2
3416,1
3417,1
3418,1
3420,2
3421,2
3422,1
3423,3
3427,3
3428,3
3429,3
3432,1
3435,2
3436,2
3437,3
3441,2
3442,1
3444,1
3449,2
3450,2
3451,1
3453,1
3455,2
3456,2
3459,2
3460,1
3461,2
3462,1
3463,1
3464,2
3467,1
3469,2
3472,3
3473,3
3474,1
3475,4
3478,4
3479,1
3481,1
3482,4
3484,1
3486,2
3487,2
3488,1
3489,2
3490,1
3492,3
3493,1
3495,2
3496,1
3497,2
3498,1
3499,1
3500,1
3501,1
3503,2
3504,2
3505,2
3507,1
3510,2
3513,3
3515,2
3517,2
3519,1
3520,1
3522,2
3523,2
3528,1
3529,4
3531,1
3534,1
3535,3
3536,2
3537,2
3539,1
3541,1
3543,1
3546,1
3548,1
3549,2
3550,2
3552,1
3556,3
3557,1
3558,1
3559,1
3561,1
3562,1
3563,1
3566,2
3567,2
3568,4
3569,3
3570,1
3573,1
3574,1
3575,1
3577,1
3578,1
3579,1
3581,3
3582,1
3583,1
3584,3
3586,1
3588,2
3589,1
3590,1
3591,1
3593,2
3594,3
3595,1
3597,1
3598,2
3599,2
3600,1
3602,1
3606,2
3612,2
3613,2
3618,1
3621,1
3622,1
3624,1
3626,2
3628,1
3629,1
3630,1
3631,2
3634,1
3637,1
3640,1
3642,2
3643,1
3645,2
3648,1
3649,2
3650,2
3651,1
3652,4
3653,1
3654,1
3658,1
3659,3
3660,1
3661,2
3662,1
3664,3
3667,1
3668,1
3669,1
3673,2
3676,1
3677,1
3679,1
3680,1
3681,2
3682,1
3683,1
3684,1
3685,1
3688,2
3689,1
3691,1
3692,1
3693,1
3696,2
3698,2
3700,1
3701,3
3702,1
3705,2
3707,2
3708,1
3710,1
3712,1
3715,1
3716,1
3717,1
3718,3
3719,3
3721,1
3722,1
3723,2
3725,1
3727,5
3728,5
3729,6
3730,9
3731,5
3732,8
3733,18
3734,24
3735,23
3736,21
3737,25
3738,40
3739,36
3740,44
3741,77
3742,63
3743,78
3744,97
3745,115
3746,109
3747,115
3748,144
3749,127
3750,125
3751,152
3752,156
3753,165
3754,162
3755,180
3756,179
3757,148
3758,132
3759,154
3760,123
3761,125
3762,129
3763,108
3764,103
3765,113
3766,90
3767,85
3768,53
3769,50
3770,64
3771,45
3772,35
3773,30
3774,29
3775,26
3776,22
3777,10
3778,16
3779,9
3780,8
3781,10
3782,8
3783,6
3784,1
3785,3
3787,6
3788,2
3790,2
3793,2
3799,1
3800,1
3803,3
3804,1
3806,1
3807,2
3808,2
3812,1
3813,2
3815,2
3816,3
3817,2
3821,1
3825,1
3827,1
3830,1
3832,2
3835,1
3836,2
3838,1
3840,1
3842,1
3844,2
3846,1
3848,1
3849,2
3853,1
3855,1
3857,1
3858,1
3860,1
3861,1
3862,1
3865,1
3869,1
3870,1
3871,1
3872,2
3873,1
3876,1
3877,2
3878,2
3879,1
3880,2
3882,1
3883,2
3885,1
3886,1
3888,3
3893,3
3896,1
3897,4
3898,1
3899,1
3901,1
3902,3
3905,1
3906,1
3907,1
3908,3
3912,1
3914,1
3916,1
3917,1
3918,3
3923,1
3924,1
3926,1
3927,1
3928,1
3929,1
3930,1
3934,1
3935,1
3937,2
3939,1
3943,2
3944,1
3949,1
3950,1
3951,1
3952,1
3953,2
3955,2
3957,3
3959,1
3960,1
3961,1
3963,2
3964,2
3967,2
3970,1
3972,1
3976,2
3978,1
3979,1
3980,1
3982,3
3984,1
3995,2
3996,1
3997,1
4001,2
4003,1
4005,1
4009,1
4010,1
4011,1
4012,1
4016,3
4019,1
4020,1
4022,1
4023,1
4024,1
4025,1
4026,1
4027,1
4028,1
4030,1
4031,1
4034,2
4036,1
4042,1
4043,1
4045,1
4046,1
4047,1
4049,1
4050,2
4051,1
4054,1
4056,1
4057,1
4059,1
4062,1
4066,1
4068,1
4069,2
4071,2
4073,1
4074,1
4077,1
4080,2
4081,2
4082,1
4083,1
4085,1
4088,1
4089,1
4091,1
4095,1
4096,2
4099,2
4100,1
4101,1
4102,1
4106,1
4108,1
4110,1
4111,2
4112,1
4114,2
4115,1
4120,1
4121,1
4122,1
4123,2
4125,2
4126,1
4127,1
4128,1
4129,1
4134,1
4138,1
4140,1
4143,2
4146,1
4147,1
4148,1
4150,1
4152,1
4153,1
4155,1
4156,1
4157,2
4158,2
4162,1
4164,1
4165,2
4166,1
4168,1
4169,1
4171,1
4176,1
4177,1
4178,1
4179,1
4181,1
4186,1
4189,1
4190,1
4192,1
4194,1
4196,1
4200,1
4201,2
4204,1
4206,2
4209,1
4219,1
4228,1
4229,1
4230,1
4231,1
4232,1
4236,1
4237,2
4240,1
4244,1
4247,1
4250,1
4251,2
4257,1
4261,1
4262,1
4263,1
4264,1
4269,1
4270,1
4272,1
4273,1
4274,1
4281,1
4283,3
4285,2
4288,2
4292,1
4293,1
4297,1
4301,1
4302,1
4308,1
4309,1
4310,2
4319,1
4320,2
4322,1
4323,2
4324,1
4334,1
4340,1
4341,1
4343,1
4344,1
4346,1
4347,2
4348,1
4349,1
4361,1
4362,1
4364,1
4366,1
4374,1
4380,1
4385,2
4391,1
4394,2
4407,1
4408,1
4411,1
4418,1
4422,2
4423,1
4424,1
4425,1
4427,1
4432,1
4438,1
4439,1
4440,1
4441,1
4447,1
4452,1
4455,2
4466,1
4468,1
4473,2
4476,1
4478,1
4480,1
4485,1
4487,1
4488,1
4493,3
4495,1
4499,1
4500,1
4504,1
4508,1
4513,2
4515,1
4516,1
4518,1
4521,1
4523,1
4525,2
4526,1
4528,1
4534,1
4535,1
4537,1
4539,1
4540,1
4541,1
4542,1
4544,1
4546,1
4548,1
4550,1
4551,1
4553,1
4555,1
4556,1
4557,1
4572,1
4574,1
4576,1
4578,1
4579,1
4581,2
4582,1
4585,1
4586,1
4587,1
4588,1
4589,1
4595,1
4601,1
4605,1
4607,1
4608,1
4609,2
4615,1
4625,1
4632,1
4636,2
4642,2
4645,1
4659,1
4662,1
4663,1
4665,1
4667,1
4686,1
4693,1
4695,1
4698,1
4705,1
4713,1
4715,1
4719,1
4725,1
4730,1
4731,1
4733,1
4743,1
4749,1
4750,1
4755,1
4756,1
4758,1
4761,1
4766,1
4769,1
4774,1
4786,1
4787,1
4789,1
4790,1
4800,1
4811,1
4812,1
4817,1
4823,1
4824,1
4832,1
4845,1
4850,1
4853,1
4864,1
4868,1
4873,1
4877,1
4887,2
4912,2
4916,1
4924,1
4925,1
4926,1
4944,1
4945,1
4947,1
4958,1
4968,1
4969,1
4978,1
4986,1
4989,1
4994,1
4996,1
4997,1
5012,1
5018,1
5025,1
5027,2
5032,1
5039,1
5044,1
5047,1
5050,1
5055,2
5059,1
5061,1
5063,1
5066,1
5074,1
5083,1
5090,1
5092,1
5093,1
5098,1
5100,1
5103,1
5109,1
5113,1
5118,1
5121,1
5124,1
5132,1
5133,1
5137,1
5147,2
5160,2
5174,1
5175,1
5176,1
5177,1
5182,1
5186,1
5197,1
5198,1
5200,1
5214,1
5220,1
5223,1
5228,1
5233,1
5239,1
5242,1
5246,1
5251,2
5255,1
5256,1
5279,1
5282,1
5286,1
5292,1
5299,1
5301,1
5302,1
5315,1
5328,1
5329,1
5349,1
5357,1
5363,1
5366,1
5383,1
5385,1
5390,1
5414,1
5419,1
5429,1
5430,1
5442,1
5457,1
5466,1
5485,1
5486,1
5503,1
5546,1
5563,1
5572,1
5585,1
5605,1
5606,1
5615,1
5629,1
5636,1
5639,1
5640,1
5663,1
5685,1
5690,1
5696,1
5698,2
5699,1
5702,1
5713,1
5721,1
5728,1
5734,1
5743,1
5746,1
5752,1
5770,1
5771,1
5777,1
5778,1
5810,1
5830,1
5834,1
5848,1
5854,1
5864,1
5875,1
5876,1
5879,1
5918,1
5920,1
5937,1
5946,1
5962,1
5973,2
5999,1
6005,1
6009,1
6026,1
6071,1
6075,1
6098,1
6105,1
6165,1
6175,2
6181,1
6189,1
6283,1
6284,1
6289,1
6319,1
6329,1
6341,1
6361,1
6372,1
6390,1
6423,1
6435,1
6472,1
6485,1
6488,1
6509,1
6599,1
6670,1
6749,1
6760,1
6769,1
6811,1
6897,1
6930,1
6971,1
6999,1
7045,2
7046,1
7086,1
7163,1
7182,1
7197,1
7360,1
7379,1
7520,1
7534,1
7551,1
7591,1
7873,1
7905,1
8016,1
8083,1
8092,1
